fcfb32,127.0.0.1,GET,http://eigensonne.me/,1523788665,,200
b20a82,127.0.0.1,GET,http://eigensonne.me/,1523788665,,200
01ca43,127.0.0.1,GET,http://eigensonne.me/,1523788724,,200
9e0e52,127.0.0.1,GET,http://eigensonne.me/,1523788724,,200
a9cfa7,127.0.0.1,GET,http://eigensonne.me/index.php/bog,1523788778,,404
9a4bb2,127.0.0.1,GET,http://eigensonne.me/index.php/blog,1523788790,,200
8a2856,127.0.0.1,GET,http://eigensonne.me/index.php/blog,1523788833,,200
af369c,127.0.0.1,GET,http://eigensonne.me/index.php/blog,1523788858,,200
719476,127.0.0.1,GET,http://eigensonne.me/,1523790276,,200
142e81,127.0.0.1,GET,http://eigensonne.me/,1523790344,,200
ff3925,127.0.0.1,GET,http://eigensonne.me/index.php/blog,1523790563,,200
b6e41f,127.0.0.1,GET,http://eigensonne.me/index.php/blog,1523790732,,200
63518a,127.0.0.1,GET,http://eigensonne.me/,1523790739,,200
3e2e3e,127.0.0.1,GET,http://eigensonne.me/,1523790877,,200
a7da2f,127.0.0.1,GET,http://eigensonne.me/,1523791033,,200
657d43,127.0.0.1,GET,http://eigensonne.me/,1523791052,,200
524f0c,127.0.0.1,GET,http://eigensonne.me/index.php/blog,1523791056,,200
b4119c,127.0.0.1,GET,http://eigensonne.me/,1523791354,,500
3a45ac,127.0.0.1,GET,http://eigensonne.me/,1523793146,,500
372cc8,127.0.0.1,GET,http://eigensonne.me/,1523793832,,500
8e215d,127.0.0.1,GET,http://eigensonne.me/,1523793863,,500
04d16b,127.0.0.1,GET,http://eigensonne.me/,1523793893,,500
3245b1,127.0.0.1,GET,http://eigensonne.me/,1523794397,,500
45e8fc,127.0.0.1,GET,http://eigensonne.me/,1523794463,,500
acfdf1,127.0.0.1,GET,http://eigensonne.me/,1523794509,,500
73f528,127.0.0.1,GET,http://eigensonne.me/,1523794535,,500
ff05cc,127.0.0.1,GET,http://eigensonne.me/,1523797004,,500
22b974,127.0.0.1,GET,http://eigensonne.me/,1523797466,,500
75e9ec,127.0.0.1,GET,http://eigensonne.me/,1523797487,,500
ac8258,127.0.0.1,GET,http://eigensonne.me/,1523797515,,200
7bb20c,127.0.0.1,GET,http://eigensonne.me/,1523797705,,500
c66153,127.0.0.1,GET,http://eigensonne.me/,1523797751,,200
f54367,127.0.0.1,GET,http://eigensonne.me/,1523797940,,200
f14ff8,127.0.0.1,GET,http://eigensonne.me/,1523798040,,200
486807,127.0.0.1,GET,http://eigensonne.me/,1523798066,,200
3e6021,127.0.0.1,GET,http://eigensonne.me/,1523798683,,200
2c347d,127.0.0.1,GET,http://eigensonne.me/index.php/item/16841449,1523798690,,500
8409ed,127.0.0.1,GET,http://eigensonne.me/index.php/item/16841449,1523798721,,500
f02ce0,127.0.0.1,GET,http://eigensonne.me/index.php/item/16841449,1523798759,,500
ce00e7,127.0.0.1,GET,http://eigensonne.me/index.php/item/16841449,1523798814,,200
4be502,127.0.0.1,GET,http://eigensonne.me/index.php/item/16841449,1523798861,,200
54cc23,127.0.0.1,GET,http://eigensonne.me/index.php/,1523798866,,200
a43717,127.0.0.1,GET,http://eigensonne.me/index.php/item/16842040,1523798869,,200
974f3b,127.0.0.1,GET,http://eigensonne.me/index.php/,1523798875,,200
b84350,127.0.0.1,GET,http://eigensonne.me/index.php/item/16841880,1523798878,,200
8aa2d2,127.0.0.1,GET,http://eigensonne.me/,1523799507,,500
300a2d,127.0.0.1,GET,http://eigensonne.me/,1523799533,,200
53be14,127.0.0.1,GET,http://eigensonne.me/,1523799818,,200
15efb5,127.0.0.1,GET,http://eigensonne.me/,1523799849,,200
29741f,127.0.0.1,GET,http://eigensonne.me/index.php/item/16841880,1523799881,,200
44ffbf,127.0.0.1,GET,http://eigensonne.me/index.php/item/16841880,1523799913,,200
1aa6ce,127.0.0.1,GET,http://eigensonne.me/index.php/item/16841880,1523802279,,200
d0debf,127.0.0.1,GET,http://eigensonne.me/index.php/item/16841449,1523802309,,200
b100c9,127.0.0.1,GET,http://eigensonne.me/index.php/item/16841449,1523802430,,200
ae2b63,127.0.0.1,GET,http://eigensonne.me/index.php/item/16841449,1523802481,,200
1d33e9,127.0.0.1,GET,http://eigensonne.me/index.php/item/16841449,1523802589,,200
fbcc43,127.0.0.1,GET,http://eigensonne.me/index.php/item/16841449,1523802611,,200
908347,127.0.0.1,GET,http://eigensonne.me/index.php/item/16841449,1523802747,,500
611ca6,127.0.0.1,GET,http://eigensonne.me/index.php/item/16841449,1523802836,,500
ee7769,127.0.0.1,GET,http://eigensonne.me/index.php/item/16841449,1523802890,,500
8c19e1,127.0.0.1,GET,http://eigensonne.me/index.php/item/16841449,1523802952,,500
966565,127.0.0.1,GET,http://eigensonne.me/index.php/item/16841449,1523803075,,200
23be38,127.0.0.1,GET,http://eigensonne.me/index.php/item/16841449,1523803103,,200
bfb59d,127.0.0.1,GET,http://eigensonne.me/index.php/item/16841449,1523803179,,500
3aeaf4,127.0.0.1,GET,http://eigensonne.me/index.php/item/16841449,1523803213,,500
b6186d,127.0.0.1,GET,http://eigensonne.me/index.php/item/16841449,1523803278,,200
210612,127.0.0.1,GET,http://eigensonne.me/index.php/item/16841449,1523803395,,200
5b34ce,127.0.0.1,GET,http://eigensonne.me/index.php/item/16841449,1523803441,,500
2910ef,127.0.0.1,GET,http://eigensonne.me/index.php/item/16841449,1523803463,,200
9851ca,127.0.0.1,GET,http://eigensonne.me/index.php/item/16841449,1523803752,,500
00d750,127.0.0.1,GET,http://eigensonne.me/index.php/item/16841449,1523803774,,200
82a4e8,127.0.0.1,GET,http://eigensonne.me/index.php/item/16841449,1523803846,,200
b1f14f,127.0.0.1,GET,http://eigensonne.me/index.php/item/16841449,1523803882,,200
f8a033,127.0.0.1,GET,http://eigensonne.me/index.php/item/16841449,1523804335,,200
e0612b,127.0.0.1,GET,http://eigensonne.me/index.php/item/16841449,1523804508,,500
f60061,127.0.0.1,GET,http://eigensonne.me/index.php/item/16841449,1523804600,,500
8b915e,127.0.0.1,GET,http://eigensonne.me/index.php/item/16841449,1523804963,,500
a5bc6b,127.0.0.1,GET,http://eigensonne.me/index.php/item/16841449,1523804997,,500
7720ff,127.0.0.1,GET,http://eigensonne.me/index.php/item/16841449,1523805022,,200
390586,127.0.0.1,GET,http://eigensonne.me/,1523805055,,500
d5da6c,127.0.0.1,GET,http://eigensonne.me/,1523805089,,500
aa27e0,127.0.0.1,GET,http://eigensonne.me/,1523805108,,500
86b613,127.0.0.1,GET,http://eigensonne.me/,1523805166,,200
1defff,127.0.0.1,GET,http://eigensonne.me/,1523805168,,200
5c28ce,127.0.0.1,GET,http://eigensonne.me/,1523805168,,200
2e622a,127.0.0.1,GET,http://eigensonne.me/index.php/item/16841449,1523805204,,200
7021d8,127.0.0.1,GET,http://eigensonne.me/,1523805212,,200
cffed6,127.0.0.1,GET,http://eigensonne.me/index.php/item/16842576,1523805225,,200
53bd31,127.0.0.1,GET,http://eigensonne.me/index.php/,1523805236,,200
79bf3e,127.0.0.1,GET,http://eigensonne.me/index.php/,1523805423,,200
938d23,127.0.0.1,GET,http://eigensonne.me/index.php/item/16841449,1523805481,,200
37d391,127.0.0.1,GET,http://eigensonne.me/index.php/item/16841449,1523805485,,200
bd8a58,127.0.0.1,GET,http://eigensonne.me/index.php/item/16841880,1523805487,,200
cd4320,127.0.0.1,GET,http://eigensonne.me/index.php/,1523805491,,200
a93c71,127.0.0.1,GET,http://eigensonne.me/index.php/item/16842040,1523805492,,200
f4cda1,127.0.0.1,GET,http://eigensonne.me/index.php/item/16842040,1523805533,,200
5b3822,127.0.0.1,GET,http://eigensonne.me/index.php/item/16842040,1523805536,,200
e39942,127.0.0.1,GET,http://eigensonne.me/index.php/item/16842040,1523805562,,200
5ffc21,127.0.0.1,GET,http://eigensonne.me/index.php/item/16842040,1523805565,,200
568f34,127.0.0.1,GET,http://eigensonne.me/index.php/item/16842040,1523805568,,200
d01498,127.0.0.1,GET,http://eigensonne.me/index.php/,1523805639,,200
b95349,127.0.0.1,GET,http://eigensonne.me/index.php/,1523805731,,200
59db5b,127.0.0.1,GET,http://eigensonne.me/index.php/,1523805781,,200
d597e7,127.0.0.1,GET,http://eigensonne.me/index.php/,1523805798,,200
44c9da,127.0.0.1,GET,http://eigensonne.me/index.php/,1523805886,,200
27da85,127.0.0.1,GET,http://eigensonne.me/index.php/,1523805931,,200
da44c5,127.0.0.1,GET,http://eigensonne.me/index.php/,1523805986,,200
896694,127.0.0.1,GET,http://eigensonne.me/index.php/,1523806231,,200
7f26b3,127.0.0.1,GET,http://eigensonne.me/index.php/,1523806265,,200
8542d1,127.0.0.1,GET,http://eigensonne.me/index.php/,1523806481,,200
32681a,127.0.0.1,GET,http://eigensonne.me/index.php/item/16842576,1523806495,,200
943a05,127.0.0.1,GET,http://eigensonne.me/index.php/,1523806500,,200
e3166e,127.0.0.1,GET,http://eigensonne.me/index.php/,1523806541,,200
27c324,127.0.0.1,GET,http://eigensonne.me/index.php/,1523806568,,200
1abead,127.0.0.1,GET,http://eigensonne.me/index.php/,1523806579,,200
572722,127.0.0.1,GET,http://eigensonne.me/index.php/,1523806605,,200
d63fff,127.0.0.1,GET,http://eigensonne.me/index.php/,1523806654,,200
0aba40,127.0.0.1,GET,http://eigensonne.me/index.php/,1523806674,,200
7ed0fc,127.0.0.1,GET,http://eigensonne.me/index.php/,1523806702,,200
ec9b93,127.0.0.1,GET,http://eigensonne.me/index.php/item/16842576,1523806726,,200
422ba1,127.0.0.1,GET,http://eigensonne.me/index.php/item/16842576,1523806874,,200
531004,127.0.0.1,GET,http://eigensonne.me/index.php/item/16842576,1523806948,,200
5e7c23,127.0.0.1,GET,http://eigensonne.me/index.php/,1523807100,,200
68c5bc,127.0.0.1,GET,http://eigensonne.me/index.php/,1523807107,,200
292bb2,127.0.0.1,GET,http://eigensonne.me/index.php/item/16842576,1523807156,,200
76fc52,127.0.0.1,GET,http://eigensonne.me/index.php/item/16842576,1523810118,,200
152acd,127.0.0.1,GET,http://eigensonne.me/index.php/item/16842576,1523810142,,200
6c8b3d,127.0.0.1,GET,http://eigensonne.me/index.php/item/16842576,1523810551,,200
4a0c5d,127.0.0.1,GET,http://eigensonne.me/index.php/item/16842576,1523810567,,200
aabbb7,127.0.0.1,GET,http://eigensonne.me/index.php/item/16842576,1523810659,,200
fc1853,127.0.0.1,GET,http://eigensonne.me/index.php/item/16842576,1523810750,,200
0aae77,127.0.0.1,GET,http://eigensonne.me/index.php/item/16842576,1523810823,,200
a89bae,127.0.0.1,GET,http://eigensonne.me/index.php/,1523811032,,200
953997,127.0.0.1,GET,http://eigensonne.me/index.php/item/16842996,1523811048,,500
b3ab4a,127.0.0.1,GET,http://eigensonne.me/index.php/item/16842996,1523811109,,500
663102,127.0.0.1,GET,http://eigensonne.me/index.php/item/16842996,1523811134,,500
6c9dfb,127.0.0.1,GET,http://eigensonne.me/index.php/item/16842040,1523811150,,200
4c3487,127.0.0.1,GET,http://eigensonne.me/index.php/,1523811235,,200
110c80,127.0.0.1,GET,http://eigensonne.me/index.php/,1523811246,,200
074d28,127.0.0.1,GET,http://eigensonne.me/index.php/item/16842576,1523811250,,200
a2fa37,127.0.0.1,GET,http://eigensonne.me/index.php/,1523811404,,200
6f00f3,127.0.0.1,GET,http://eigensonne.me/index.php/item/16842996,1523811452,,500
620e29,127.0.0.1,GET,http://eigensonne.me/index.php/item/16842996,1523811546,,500
23992b,127.0.0.1,GET,http://eigensonne.me/index.php/item/16842996,1523811734,,500
e770de,127.0.0.1,GET,http://eigensonne.me/index.php/item/16842996,1523811768,,500
d70439,127.0.0.1,GET,http://eigensonne.me/index.php/item/16842996,1523811811,,500
8671bb,127.0.0.1,GET,http://eigensonne.me/index.php/item/16842996,1523811900,,500
7ff9e6,127.0.0.1,GET,http://eigensonne.me/index.php/item/16842996,1523811979,,500
a29d33,127.0.0.1,GET,http://eigensonne.me/index.php/item/16842996,1523812032,,500
93be5e,127.0.0.1,GET,http://eigensonne.me/index.php/item/16842996,1523812074,,500
cb2af7,127.0.0.1,GET,http://eigensonne.me/index.php/item/16842996,1523812123,,200
87283f,127.0.0.1,GET,http://eigensonne.me/index.php/item/16842996,1523812170,,200
fd96d4,127.0.0.1,GET,http://eigensonne.me/index.php/,1523812185,,500
c5232c,127.0.0.1,GET,http://eigensonne.me/index.php/,1523812267,,500
9aba56,127.0.0.1,GET,http://eigensonne.me/index.php/,1523812313,,500
e4b37b,127.0.0.1,GET,http://eigensonne.me/index.php/,1523812374,,200
06c0b8,127.0.0.1,GET,http://eigensonne.me/index.php/item/16842040,1523812391,,200
ff1d4b,127.0.0.1,GET,http://eigensonne.me/index.php/,1523812426,,200
75511c,127.0.0.1,GET,http://eigensonne.me/index.php/item/16842996,1523812458,,200
e14a1a,127.0.0.1,GET,http://eigensonne.me/index.php/,1523812548,,200
fd9b99,127.0.0.1,GET,http://eigensonne.me/index.php/item/16840692,1523812571,,200
